{"cameraMode":{"drawMode":0,"name":"Shaded","section":"Shading Mode"},"sceneLighting":true,"audioPlay":false,"sceneViewState":{"showFog":true,"showMaterialUpdate":false,"showSkybox":true,"showFlares":true,"showImageEffects":true,"showParticleSystems":true},"in2DMode":false,"pivot":{"x":48.70674514770508,"y":-0.8405662775039673,"z":61.53788375854492},"rotation":{"x":-0.07638777047395706,"y":-0.3365933895111084,"z":0.027643578127026559,"w":-0.9383413791656494},"size":12.12435531616211,"orthographic":false}